filename,width,height,class,xmin,ymin,xmax,ymax
12342153125.jpg,256,197,raccoon,74,7,230,197
56. raccoon.jpg,660,432,raccoon,8,3,429,432
4. 157636471.jpg,720,480,raccoon,9,1,668,480
20. pomeranian%20004.jpg,630,420,pomeranian,112,28,501,366
2345236.jpg,650,455,pomeranian,133,77,497,424
100. giant-panda-bear-pictures0.jpg,625,450,panda,208,71,505,422
otters_1280.jpg,1279,719,otter,167,169,739,637
7. pandas2-rex-ml-171220_16x9_992.jpg,992,558,panda,324,24,739,558
47. 41e24d7500000578-0-image-a-22_1498765384176.jpg,634,653,pomeranian,143,117,567,569
7. common-pomeranian-health-issues_canna-pet-1024x683.jpg,1024,683,pomeranian,59,20,652,683
29. 36940534_401.jpg,700,394,panda,19,174,265,313
60. pomeranian-50tube-dog_2048x.jpg,800,800,pomeranian,49,67,472,790
79. naturalselection-meerkats-1.jpg,1024,683,meerkat,657,231,855,602
27. 76e97818acf6af4bd304bfcec2d49513.jpg,736,736,pomeranian,76,84,552,691
85. raccoonbyrobyn.jpg,457,291,raccoon,112,127,196,209
11. 33087a22aa76ea4af088a763a4f65cec.jpg,601,451,pomeranian,168,22,435,436
250px-Cozumel_Raccoon2.jpg,250,204,raccoon,26,17,225,194
201710180502221848_t.jpg,1280,720,raccoon,216,1,1011,720
82. fronts1.jpg,534,552,pomeranian,380,288,534,488
2bf67c015eddbd5ba39b0d7fa3980342--giant-pandas-panda-bears.jpg,236,354,panda,13,44,225,297
62. meerkat-3306834_960_720.jpg,960,670,meerkat,305,21,680,664
98. 232408_c25552dc0a179ed926327035a8b9353fbde71aeb.jpg,1200,630,raccoon,389,14,1142,630
IMG_6744.jpg,740,493,pomeranian,240,106,487,439
28. lowmeer0008.jpg,600,449,meerkat,50,25,165,386
77. 45f052d200000578-5057521-meng_meng_seemed_to_be_enjoying_the_cold_weather_as_she_played_w-a-3_1510051007124.jpg,962,713,panda,165,170,763,676
19. adorable-pomeranian-melting-in-water-2-5976ff1fa7c7e__700.jpg,700,703,pomeranian,93,58,671,597
panda-655493_960_720.jpg,960,637,panda,99,108,690,566
39. panda-facts-5.jpg,340,456,panda,32,12,340,439
9. 161230120612-04-pan-pan-china-panda-exlarge-169.jpg,780,438,panda,191,168,576,438
29. rac.jpg,1023,576,raccoon,255,12,807,547
62. sea-otters-michael-peters-dpc.jpg,700,382,otter,290,96,559,353
65. 9143175_orig.jpg,641,400,raccoon,135,159,267,352
IE001102392_STD.jpg,500,335,panda,220,135,362,274
40. riverotter.jpg,480,480,otter,31,104,240,480
25. 2014-11-01_lif_4341720_i3.jpg,620,342,meerkat,20,64,120,342
27. pandas-eat-fresh.jpg,720,479,panda,193,9,618,479
94. a-baby-panda-fell-off-a-stage-but-dont-worry-hes-2-25672-1475256931-0_dblbig-1ujgosm.jpg,625,415,panda,1,120,294,352
21. https%3a%2f%2fblueprint-api-production.s3.amazonaws.com%2fuploads%2fcard%2fimage%2f601870%2f547b71c5-3c06-4fcd-a92b-9d352a9fac8f.jpg,950,534,otter,315,102,500,521
59. panda.jpg,615,410,panda,72,51,535,383
77. forgotten-otters.jpg,991,529,otter,624,72,954,529
96. tile-panda-fi-2017-600x315.jpg,600,315,panda,119,15,353,315
23462632467.jpg,900,550,pomeranian,212,25,713,513
26. meerkat_mob_one_with_mouth_open.jpg,838,530,meerkat,566,79,713,251
71. raccoons_42-33050750.jpg,800,600,raccoon,362,83,649,589
49. peter%20trimming%20otter%201.jpg,500,385,otter,38,7,470,337
29. meerkat1.jpg,750,330,meerkat,321,50,456,302
72. meerkat-on-lookout-duty.jpg,346,520,meerkat,81,71,239,481
32. pomeranian-names-1-final.jpg,800,481,pomeranian,66,71,280,414
38. rabid-raccoon.jpg,1024,682,raccoon,161,48,786,682
62. panda-09efa78a037ecec86e13982313598c7c5116dbbf-s900-c85.jpg,900,675,panda,462,82,900,569
94. meerkats-small-hero.jpg,600,300,meerkat,67,118,217,300
55. murray-37.jpg,1024,507,otter,121,27,640,507
34. setwidth700-meerkat.jpg,700,778,meerkat,152,16,543,752
12351235325.jpg,520,338,meerkat,261,4,427,336
86. sea-otters-holding-hands-1-copy.jpg,800,600,otter,278,1,800,566
77. screen_shot_2017-09-28_at_5.21.17_pm___super_portrait.jpg,834,417,raccoon,564,4,762,293
76. 7-blackpom.jpg,680,452,pomeranian,201,20,493,405
53. meerkathero.jpg,1100,600,meerkat,291,162,452,445
56. meerkat-teeth.jpg,900,477,meerkat,190,25,766,477
99. racoon-co-colin-williamson.jpg,634,312,raccoon,216,5,515,297
14. 3214793.large.jpg,650,400,otter,22,15,629,302
46. shutterstock_584724292-1522943935-1781.jpg,800,600,raccoon,25,81,651,600
raccoon.jpg,800,420,raccoon,60,5,480,420
51. 628x353-otter-cu-yawn.jpg,628,353,otter,53,25,498,332
70. 5616.jpg,1200,630,raccoon,204,38,1116,464
3. pomeranian-on-white-01.jpg,729,486,pomeranian,177,18,572,479
71. 2015%2f03%2f15%2f96%2fmeerkats.0c657.jpg,950,534,meerkat,309,68,545,468
47. 711_7275-edit-edit-1.jpg,600,600,meerkat,42,56,547,600
84. pomeranian-800.jpg,800,513,pomeranian,326,65,632,435
FOREIGN201508171309000245117270703.jpg,834,531,panda,374,90,791,504
56. cleveland-zoo-otters.jpg,800,482,otter,55,14,355,379
12. 4519-004-57bc9c9c.jpg,293,450,meerkat,99,28,247,443
lg-otter.jpg,420,301,otter,27,35,419,301
135303471_14613057685941n.jpg,900,689,panda,232,167,732,643
82. raccoon-removal-tcf.jpg,450,300,raccoon,146,107,300,283
13251325135.jpg,225,225,raccoon,17,16,177,186
28. pomeranian-960x540.jpg,960,540,pomeranian,90,7,937,540
14c78a79-560c-4dac-8fc1-11494610aa18.jpg,560,294,panda,137,2,477,294
11. leggb4m5xy3i3clxpjvswoj3le.jpg,480,338,meerkat,17,63,375,333
24. baby-otter-ecotarium.jpg,645,429,otter,48,6,593,429
42. panda-chine_5923268.jpg,640,360,panda,118,9,508,360
94. a-baby-panda-fell-off-a-stage-but-dont-worry-hes-2-25672-1475256931-0_dblbig-1ujgosm.jpg,625,415,panda,352,5,612,391
25. pomeranian-red-700x700.jpg,700,700,pomeranian,104,12,610,688
80. methode%2fsundaytimes%2fprod%2fweb%2fbin%2f4a2be780-fddb-11e7-ba61-5366488da64d.jpg,685,385,meerkat,276,7,559,385
45. meerkat-group-on-rock.ngsversion.1412704191900.adapt.945.1.jpg,945,531,meerkat,236,255,507,531
12351235151.jpg,269,187,raccoon,145,28,230,160
49. meerkat-mating-competitive-eating.jpg,900,600,meerkat,536,247,684,531
234523623462.jpg,225,224,pomeranian,54,30,192,224
21041548_1376723639111908_9146759711603818496_n.jpg,480,480,raccoon,78,50,472,346
31. raccoon-catching-raindrops-in-car.jpg,640,494,raccoon,47,92,320,494
2016122571_editor_image.jpg,1090,666,meerkat,437,292,578,573
31. captivemeerk.jpg,662,992,meerkat,83,64,660,992
43. short-clawed-otters.jpg,638,437,otter,267,27,619,401
29. 36940534_401.jpg,700,394,panda,93,52,330,179
26. main_900.jpg,900,629,panda,210,303,410,481
49. meerkat-mating-competitive-eating.jpg,900,600,meerkat,746,323,886,557
56. cleveland-zoo-otters.jpg,800,482,otter,480,11,800,351
61. _59823448_cimg2880.jpg,624,351,meerkat,509,168,624,325
16. raccoon-spirit-animal-1.jpg,700,467,raccoon,85,13,667,467
26. meerkat_mob_one_with_mouth_open.jpg,838,530,meerkat,356,85,541,273
5. otter-asian-baby.jpg,1000,667,otter,735,8,1000,293
41. penny-palmer-cheering-sea-otter-00002018.jpg,620,337,otter,129,83,520,262
86. smpost_1508350220176.jpg,640,360,panda,107,112,368,342
44. pomeranian-21.jpg,1000,664,pomeranian,341,49,897,635
33. sitting+pomeranian+puppy+statue.jpg,353,353,pomeranian,55,6,322,351
28158785_2068943686709374_3970083699008995328_n.jpg,480,480,pomeranian,47,62,330,393
82. meerkat-hero.jpg,1400,450,meerkat,218,39,682,450
46b5202e78511b51bb0c4645d10ce3af.jpg,750,480,panda,356,45,750,418
3zeOqFqu_400x400.jpg,313,313,raccoon,10,3,313,311
12. 00000-00568744-800x533.jpg,800,533,panda,132,81,692,478
72. pandas2.jpg,620,350,panda,302,5,512,350
29. 36940534_401.jpg,700,394,panda,515,165,677,291
42. back4.jpg,1187,642,pomeranian,465,50,825,642
9. istock_000001684113_small.jpg,930,619,meerkat,584,112,719,579
21. pomeranianpurebreddogredcolorjazzyjames10yearsoldtim1.jpg,450,449,pomeranian,24,14,432,425
IE001102392_STD.jpg,500,335,panda,357,70,495,254
60. 57571940dd08950e5e8b4bf5-750-562.jpg,750,562,raccoon,459,64,720,476
42. toola_custom-1ba552dbbd0d2372dc8cbcf274cf83166b55c4df-s900-c85.jpg,500,359,otter,226,49,348,181
64. __sold__hand_made_poseable_baby_panda__by_wood_splitter_lee-d796hy6.jpg,600,638,panda,109,38,510,632
25. .jpg,600,450,otter,11,1,470,397
28. otter_dc460053-2e4e-463c-b6fe-d8be1edda4db-prv.jpg,695,444,otter,85,63,590,379
40. ma_00027701_h4egeb.jpg,960,530,raccoon,35,16,940,522
92. there-are-lots-of-pomeranians-looking-for-a-good-home.-adopt.jpg,500,325,pomeranian,28,76,174,302
33. mb%20sea%20otters037.jpg,1140,641,otter,690,93,1113,634
20. 4329b34500000578-0-image-a-154_1502463928968.jpg,962,657,panda,38,1,756,627
88. 640x360-2017-sea-otter-fund.jpg,640,360,otter,86,56,608,306
95. $_86.jpg,720,960,pomeranian,80,5,615,536
18. meerkat_1.jpg,640,395,meerkat,210,55,437,390
76. 634440aca8eb563a081004bd1af1d009.jpg,532,800,meerkat,168,108,462,643
81. 581b7638663f5.image.jpg,960,768,raccoon,253,77,799,730
69. img_how_to_take_care_of_a_pomeranian_puppy_and_adult_2383_600.jpg,600,400,pomeranian,230,61,470,372
90. main-qimg-291cb2620cc09c8ccb9fcfa264181ea5-c.jpg,600,399,meerkat,151,17,245,368
28. lowmeer0008.jpg,600,449,meerkat,469,132,567,394
9. istock_000001684113_small.jpg,930,619,meerkat,369,118,504,585
9. istock_000001684113_small.jpg,930,619,meerkat,159,45,296,579
80. rescued-otter.jpg,300,450,otter,40,31,300,433
2275245725.jpg,339,389,pomeranian,28,36,284,373
98. pomeranian-mp.jpg,729,486,pomeranian,109,62,442,413
2. csm_meng_meng_baby_1_88cad0f74f.jpg,700,486,panda,177,15,520,486
170725021255586_thumb_400_w.jpg,0,0,meerkat,143,26,336,247
htm_2015010814244543004011.jpg,600,421,panda,30,83,549,387
123512351325.jpg,192,146,meerkat,45,14,164,121
53. wlds47_otters_1073x744.jpg,634,440,otter,170,161,352,291
1234551325.jpg,275,183,pomeranian,49,14,207,181
121351251235.jpg,250,375,meerkat,31,79,192,315
83. raccoon-road.ngsversion.1396530745521.adapt.945.1.jpg,945,531,raccoon,103,6,733,531
36. cfbe2a99f6bf8be39f0e5cdddec413ba.jpg,500,750,raccoon,20,4,488,750
15. sub-buzz-4713-1518339402-3.jpg,715,953,raccoon,1,119,650,847
45. tdy_news_otter_151221.today-vid-canonical-featured-desktop.jpg,1042,586,otter,151,24,988,540
73. 1suricate-590a.jpg,590,400,meerkat,384,41,459,358
85. otters.jpg,960,704,otter,93,155,459,704
55. pomeranian1.jpg,949,475,pomeranian,149,1,805,475
6. fotolia_4191773_xs.jpg,750,428,raccoon,264,41,613,428
201308260401357241.jpg,500,281,panda,52,1,500,269
82. fronts1.jpg,534,552,pomeranian,203,264,337,498
82. clawed-otter-2146072_960_720.jpg,960,640,otter,337,66,905,640
76. 1-cape-clawless-otter-moswe590a.jpg,590,300,otter,33,14,571,290
C201610N017_4.jpg,390,222,raccoon,55,19,249,222
24. image_blog_85.jpg,774,386,meerkat,325,1,592,386
46. nintchdbpict000277673156-e1477526912789.jpg,960,641,otter,20,102,618,461
10. x4gjo546wxb01.jpg,1024,682,meerkat,203,48,943,655
22. pomeranian.jpg,349,349,pomeranian,34,48,328,314
21. baby_meerkats.jpg,1000,667,meerkat,159,68,404,554
59. meerkat-jg-2.jpg,400,300,meerkat,71,33,300,298
9. pomeranian-cost.jpg,696,454,pomeranian,202,15,564,404
40. riverotter.jpg,480,480,otter,242,10,438,480
92. there-are-lots-of-pomeranians-looking-for-a-good-home.-adopt.jpg,500,325,pomeranian,177,39,314,307
12351235151.jpg,269,187,raccoon,87,54,139,117
72. raccoonbite.jpg,600,310,raccoon,121,11,587,310
94. gettyimages-74187710.jpg,766,450,raccoon,405,47,766,401
83. 636560954876158533-gettyimages-619242268.jpg,534,401,otter,91,123,354,326
87. img_2420%20baby%20raccoon%205-21-2014%20stanford%20quad%20canon%20eos%2050d.jpg,776,517,raccoon,139,64,654,478
66. otter5.jpg,703,599,otter,257,84,573,586
65. img_3730.jpg,736,737,pomeranian,389,146,647,718
47. 20150918_093333_otter.jpg,431,350,otter,32,14,401,321
91. meerkat-vip-carousel-1_original.jpg,800,560,meerkat,148,44,622,560
31. raccoon-catching-raindrops-in-car.jpg,640,494,raccoon,416,16,640,480
12321512355.jpg,1280,640,meerkat,3,121,1214,570
75. raccoon.jpg,1000,662,raccoon,63,18,746,662
2. 5-face.jpg,453,680,pomeranian,52,25,453,624
58. 2872372_thumb.jpg,640,360,raccoon,52,5,640,358
60. sea-otter-floating-on-back-yawning-picture-idar9090-001.jpg,692,1024,otter,49,271,692,984
69. sea-otter-pup-enhydra-lutris.jpg,650,650,otter,180,157,456,393
17. 527175-istock-514622028.jpg,1100,618,raccoon,166,1,813,618
69. 2nd-800x533.jpg,800,533,meerkat,466,53,785,296
45. meerkat-group-on-rock.ngsversion.1412704191900.adapt.945.1.jpg,945,531,meerkat,706,217,901,531
2. meerkat-group.adapt.945.1.jpg,945,532,meerkat,427,97,573,532
82. raccoon-removal-tcf.jpg,450,300,raccoon,29,44,161,246
98. 111017060721-giant-panda-bamboo-horizontal-large-gallery.jpg,980,552,panda,194,14,799,552
70. lutracanadensis_fullres.jpg,884,800,otter,427,53,884,783
77. meerkat_standing_guard_0.jpg,1000,667,meerkat,664,337,799,552
41. naturalselection-meerkats-5.jpg,1024,683,meerkat,448,347,637,643
46. panda-today-160930-01_6845ae9da2fc8c2ce6005218c55f4900.today-inline-large.jpg,700,394,panda,29,226,119,326
2346262462.jpg,757,536,meerkat,410,68,510,424
7. raccoon-2015-marie-kraus-1-1024x683-e1461547070661.jpg,911,683,raccoon,74,2,845,682
8. 1280x720-wh81.jpg,1000,563,panda,161,47,493,505
6. giant-panda-shutterstock_86500690.jpg,1000,600,panda,264,23,790,534
16. meerkat-facts-1.jpg,635,404,meerkat,151,8,528,404
73. 1suricate-590a.jpg,590,400,meerkat,476,42,576,367
2018050310065694907_1525309616.jpg,550,366,panda,126,44,379,366
85. pomeranian-1.jpg,400,300,pomeranian,19,7,315,295
73. pomeranian-puppies.jpg,736,615,pomeranian,58,46,719,590
25. slider2.jpg,447,300,panda,55,16,426,271
14. a-diligent-meerkat-keeping-watch-over-the-youngsters-makgadikgadi-pans-botswana1-734x4901-1-e1472121268216.jpg,543,343,meerkat,205,209,272,343
35. p056c89n.jpg,624,351,otter,9,54,590,265
79. naturalselection-meerkats-1.jpg,1024,683,meerkat,437,170,637,577
85. meerkats-1024x683.jpg,1024,683,meerkat,371,483,580,683
2623462346.jpg,183,275,meerkat,46,57,146,242
53. bfcb9c559ae8ba255e30abc654bfbcfe.jpg,736,736,pomeranian,66,14,566,729
image_1519884613910_750.jpg,750,500,pomeranian,298,51,572,448
63. sea-otters-tony-trupp-dpc.jpg,498,272,otter,96,8,270,118
3. sea_otter_cropped.jpg,714,555,otter,54,68,714,471
54. hqdefault.jpg,480,360,pomeranian,211,57,406,259
29. otter-yawning.jpg,1000,667,otter,577,143,1000,653
21. baby_meerkats.jpg,1000,667,meerkat,675,114,875,667
18. panda-black-white-study.jpg,1024,641,panda,303,37,945,641
19. meerkat_looking_at_camera_600.jpg,412,600,meerkat,49,21,398,573
20150708%2FFOREIGN201507080916000090216078135.jpg,567,850,panda,102,49,551,700
74. main-qimg-ef394048243501b47b19309eeebe9ec6.jpg,0,0,panda,83,10,520,461
71. 10-panda.w1200.h630.jpg,952,499,panda,297,39,697,367
66. meerkat2-1.jpg,960,612,meerkat,712,50,848,513
6. pomeranian-care.jpg,500,750,pomeranian,45,210,486,605
89. 8a1df934ce45584456a5611b0f5cb3d4-so-tired-cute-panda.jpg,736,615,panda,74,54,735,567
1234125312525123.jpg,320,348,meerkat,100,5,239,342
64. sub-buzz-20028-1501055319-5.jpg,715,475,pomeranian,114,94,456,433
54. 71nnpuz3i1l._sy355_.jpg,355,355,panda,81,27,267,304
23452151251.jpg,799,623,otter,133,69,618,546
14. a-diligent-meerkat-keeping-watch-over-the-youngsters-makgadikgadi-pans-botswana1-734x4901-1-e1472121268216.jpg,543,343,meerkat,113,249,229,343
97. otter-in-seaweed-isle-of-harris-wildlife.jpg,800,578,otter,160,220,678,478
48. otter-1438378_1280.jpg,521,347,otter,98,8,489,330
74. cute-pomeranian-dogs-and-puppies-dog-breeds-ss.jpg,625,430,pomeranian,121,21,359,387
51. raccoon2.jpg,1200,630,raccoon,89,11,1091,630
9. diyraccoonremoval.jpg,500,417,raccoon,30,6,494,417
91. pomeranian-dogs-mating-stock-images_csp22765358.jpg,450,320,pomeranian,181,22,383,146
40. gettyimages-611382876.jpg,625,422,panda,86,298,298,422
92. panda-teeth-ss-1920-800x450.jpg,800,450,panda,144,9,785,443
23. 17761239_1474688329270377_8648849409988721072_o-e1491901314222.jpg,760,515,otter,362,219,671,434
95. raccoon3.jpg,459,522,raccoon,37,3,444,522
88. micro-teacup-pomeranian-for-sale-1.jpg,601,408,pomeranian,176,110,371,330
73. 1suricate-590a.jpg,590,400,meerkat,33,2,150,382
48. web_composite_panda-thumbs.jpg,630,403,panda,26,39,295,403
66. waschbaren-brandenburg-berlin-raccoons-2-8-e1495457370733.jpg,1000,750,raccoon,370,133,940,713
58. a-diligent-meerkat-keeping-watch-over-the-youngsters-makgadikgadi-pans-botswana1-734x4901.jpg,734,490,meerkat,363,62,506,403
90. main-qimg-291cb2620cc09c8ccb9fcfa264181ea5-c.jpg,600,399,meerkat,43,32,130,360
70. panda-face-ss-1920-800x450.jpg,800,450,panda,169,22,770,450
29. dscn0737.jpg,611,800,pomeranian,47,34,562,800
77. pomeranian-600.jpg,600,400,pomeranian,148,49,476,366
54. ohio-raccoon-wp-650_650x400_71522993998.jpg,650,400,raccoon,199,13,437,399
21. big-raccoon.jpg,960,768,raccoon,75,98,802,703
FOREIGN201508171309000245117270703.jpg,834,531,panda,154,160,404,395
78. meixiang_img_5191_1-727x485.jpg,727,485,panda,133,38,619,438
otters_1280.jpg,1279,719,otter,770,294,1059,632
1235124325.jpg,225,225,raccoon,13,3,225,223
14. a-diligent-meerkat-keeping-watch-over-the-youngsters-makgadikgadi-pans-botswana1-734x4901-1-e1472121268216.jpg,543,343,meerkat,254,4,357,333
40. c700x420.jpg,700,420,meerkat,321,48,519,420
42. surprising-science-meerkat-alpha-females.jpg,631,300,meerkat,343,106,501,300
98. enhanced-buzz-14321-1379702965-4.jpg,450,338,otter,9,67,271,338
2016122571_editor_image.jpg,1090,666,meerkat,600,224,737,497
7. sea_otter_%28enhydra_lutris%29_%2825169790524%29_crop.jpg,922,843,otter,126,89,823,843
8. poster_f73bbe42258e47368592c24d8319d1a9_84014978_ver1.0_640_480.jpg,640,360,raccoon,95,1,611,360
72. 4541137520385b7cada11997129efb31.jpg,564,1003,otter,9,11,564,889
26. back1.jpg,1187,649,pomeranian,265,11,932,649
77. meerkat_standing_guard_0.jpg,1000,667,meerkat,399,134,586,523
97. panda-dream.jpg,620,349,panda,104,5,352,332
91. pomeranian-dogs-mating-stock-images_csp22765358.jpg,450,320,pomeranian,81,94,253,288
90. image.jpg,700,467,otter,11,18,632,467
34223623623.jpg,764,435,pomeranian,195,8,568,415
85. 170925111341_1_540x360.jpg,485,360,panda,232,96,442,360
o-POMERANIAN-570.jpg,570,379,pomeranian,164,19,382,324
photo 024-1-02.jpg,422,316,pomeranian,94,26,368,302
53. wlds47_otters_1073x744.jpg,634,440,otter,363,162,501,305
85. otters.jpg,960,704,otter,348,25,671,300
68. meerkats-001.jpg,610,286,meerkat,190,45,279,250
83. meerkat-facts-5.jpg,635,404,meerkat,221,1,468,392
9. 161230120612-04-pan-pan-china-panda-exlarge-169.jpg,780,438,panda,84,30,443,438
201802230715566788_t.jpg,1280,720,panda,488,187,874,501
17. meerkat-lounging.jpg,1000,667,meerkat,97,105,913,597
50. ahr0cdovl3d3dy5saxzlc2npzw5jzs5jb20vaw1hz2vzl2kvmdawlza5oc83mduvb3jpz2luywwvcml2zxitb3r0zxiuanbn.jpg,660,430,otter,69,37,404,396
1. pomeranian_thank_you.jpg,398,442,pomeranian,64,16,360,407
panda_photo_03.jpg,548,490,panda,164,107,443,460
32. pomeranian-names-1-final.jpg,800,481,pomeranian,286,94,491,435
70. lutracanadensis_fullres.jpg,884,800,otter,53,153,525,495
53. rare-raccoon-parasite-causing-blindness-severe-brain-damage-could-be-more-widespread-than-we-knew.1280x600.jpg,1280,600,raccoon,169,1,1151,600
71. 20150254dcf1b2ca0fb.jpg,800,600,pomeranian,183,7,618,565
51. pomeranian-exercise-446x320px.jpg,446,320,pomeranian,127,66,320,261
FOREIGN201503131617000139594475917.jpg,850,613,panda,126,10,715,613
96. image.jpg,620,349,raccoon,169,14,473,348
61. _59823448_cimg2880.jpg,624,351,meerkat,116,34,422,351
top_2757_1.jpg,640,390,panda,264,2,572,382
10. meerkat-slider.jpg,800,700,meerkat,200,18,754,660
1234512651616.jpg,299,168,raccoon,33,13,200,160
93. l.lutra_david%20tipling_getty_623.jpg,623,430,otter,148,122,347,304
93. 636331260025735849-gettyimages-620390086.jpg,534,401,raccoon,26,5,511,401
44. meerkat-survival-tactics_640x360_680877635792.jpg,640,360,meerkat,163,8,505,360
47. melanie%20racoon.jpg,635,638,raccoon,11,2,568,638
12351235325.jpg,520,338,meerkat,180,19,288,314
23462362366.jpg,241,209,meerkat,69,55,124,208
57. teacup-pomeranian-for-sale-in-pa-630x380.jpg,630,380,pomeranian,275,53,534,336
79. giant_panda_poster_grande.jpg,600,600,panda,129,37,471,540
9. otter-taking-a-nap-on-mum-e1452600634351.jpg,711,354,otter,15,3,711,338
44. raccoon8.jpg,670,487,raccoon,6,4,658,462
50. nintchdbpict000296957113.jpg,960,540,meerkat,380,56,663,540
1. closeup_meerkat_face.jpg,653,436,meerkat,195,35,528,436
71. 2015%2f03%2f15%2f96%2fmeerkats.0c657.jpg,950,534,meerkat,656,28,905,528
45. aid1784999-v4-728px-take-care-of-a-pomeranian-step-6-version-3.jpg,728,546,pomeranian,1,127,372,513
2013101702041_0.jpg,650,433,panda,26,72,419,381
46. meerkat-pregnant-1-dominiccram-gettyimages.jpg,907,509,meerkat,527,76,741,427
22. bernard_de_wetter_wwf_canon_113974.jpg,1000,600,panda,39,31,984,600
12351531235.jpg,275,183,raccoon,53,2,157,166
20. meerkat-family-group.jpg,650,462,meerkat,69,75,171,433
30078492_2033247100334632_3567392560383000576_n.jpg,1080,1080,raccoon,52,30,887,1080
53. meerkathero.jpg,1100,600,meerkat,66,294,191,462
40. gettyimages-611382876.jpg,625,422,panda,234,50,408,200
31. 8ad5aef5bc1388bef352f5ee08406bf8.jpg,540,538,pomeranian,89,9,385,524
4. panda-facts-6-1.jpg,514,341,panda,159,27,467,338
37. huey-running-5-10-14-683x1024.jpg,683,1024,pomeranian,118,353,535,810
46. panda-today-160930-01_6845ae9da2fc8c2ce6005218c55f4900.today-inline-large.jpg,700,394,panda,126,252,188,305
27. tmg-article_default_mobile.jpg,480,325,raccoon,100,26,401,293
63. meerkats-004_m.jpg,310,466,meerkat,83,60,288,414
IE001102392_STD.jpg,500,335,panda,224,71,324,165
6. shutterstock-578215438.jpg,729,425,meerkat,176,21,567,411
37. animal-hero-meerkat.jpg,1020,582,meerkat,244,73,764,582
65. 9143175_orig.jpg,641,400,raccoon,466,179,603,376
43. meerkat-2800395_960_720.jpg,898,720,meerkat,371,23,799,683
62. raccoon_l.jpg,347,346,raccoon,66,68,253,237
78. white-teacup-pomeranian-puppies.jpg,734,492,pomeranian,287,27,547,276
60. meerkat%20manor%206.jpg,625,450,meerkat,242,22,484,450
75. giant-river-otter-1-e1464123224375.jpg,567,517,otter,69,47,521,487
17. 9b6628cf124c97e1e133778784ae7cde.jpg,744,496,panda,105,10,472,261
91. 636555098233792853-coon-5.jpg,534,401,raccoon,224,38,366,187
201805031526415641_t.jpg,1280,720,panda,343,53,1008,667
71. raccoons_42-33050750.jpg,800,600,raccoon,96,105,342,560
66. meerkat2-1.jpg,960,612,meerkat,297,79,461,492
2. mammal-1227460_1280.jpg,750,500,raccoon,251,34,633,500
landing_river-otter.jpg,768,358,otter,58,5,469,358
90. mn1_000438.jpg,479,479,raccoon,12,3,471,479
73. istock_000065691893_bukharova.jpg,849,565,raccoon,231,124,633,565
90. main-qimg-291cb2620cc09c8ccb9fcfa264181ea5-c.jpg,600,399,meerkat,255,35,349,380
63. pizzapug11.jpg,750,333,pomeranian,143,9,668,333
21. n-panda-a-20170919-870x567.jpg,870,567,panda,15,47,375,479
74. main-qimg-d976eadeb82569dfd08e84a410fe6b3d-c.jpg,480,319,otter,1,38,428,269
90. 16-pandas.w710.h473.jpg,710,473,panda,356,92,569,424
75. 3-80.jpg,404,533,pomeranian,81,44,346,466
88. 2561960-panda-bear.jpg,450,300,panda,1,8,418,293
78. otter_african-spot-necked.jpg,1000,667,otter,126,159,766,463
54. injured-otter.jpg,991,529,otter,42,94,944,485
21. n-panda-a-20170919-870x567.jpg,870,567,panda,487,100,838,506
69. raccoon.jpg,799,532,raccoon,303,133,690,510
50. .jpg,800,420,pomeranian,441,17,784,403
61. image_5292f-raccoon.jpg,710,401,raccoon,139,4,515,352
123512351235.jpg,327,327,meerkat,58,2,267,327
73. giant-panda1-706x456.jpg,706,456,panda,58,8,566,456
345234667.jpg,649,430,meerkat,221,128,426,430
81. picture1-424x299.jpg,424,299,panda,37,99,339,274
52. new-meerkats-slide-10.jpg,640,480,meerkat,183,202,340,448
42. toola_custom-1ba552dbbd0d2372dc8cbcf274cf83166b55c4df-s900-c85.jpg,500,359,otter,39,30,227,359
28430815_1550045245113677_8015274500440457216_n.jpg,640,640,pomeranian,77,3,577,631
43. giant-panda.jpg,600,400,panda,177,37,503,400
61. giant-otter-slider-2.jpg,800,700,otter,17,31,483,598
200006126-610bac30-c441-430a-9784-94027ab106ca.jpg,885,560,otter,68,1,811,560
35. raccoon-babies-in-an-attic.jpg,948,533,raccoon,290,173,411,344
maxresdefault.jpg,1280,720,panda,314,61,1017,658
85. meerkats-1024x683.jpg,1024,683,meerkat,262,24,543,229
90. 16-pandas.w710.h473.jpg,710,473,panda,167,64,374,411
30. 47fca2d600000578-0-image-a-21_1515620072217.jpg,962,761,panda,117,13,869,518
46. panda-today-160930-01_6845ae9da2fc8c2ce6005218c55f4900.today-inline-large.jpg,700,394,panda,377,260,455,318
90. guide-to-pomeranian-grooming-image-fb.jpg,1000,667,pomeranian,450,5,964,650
32. 22116230-22116230.jpg,900,506,otter,154,166,648,462
27468_26622_3258.jpg,520,370,panda,337,32,520,297
75. ahr0cdovl3d3dy5saxzlc2npzw5jzs5jb20vaw1hz2vzl2kvmdawlza5ns8zndqvb3jpz2luywwvt05fx1rjtuvfvvnfx3bhbmrhx2jhc2lfms5qcgc=.jpg,660,440,panda,134,26,534,439
8. meerkats_huddled_0.jpg,1000,667,meerkat,626,114,1000,615
50. c-altaefrontis-738x591.jpg,738,591,raccoon,104,121,722,453
21. https%3a%2f%2fblueprint-api-production.s3.amazonaws.com%2fuploads%2fcard%2fimage%2f601870%2f547b71c5-3c06-4fcd-a92b-9d352a9fac8f.jpg,950,534,otter,651,142,851,502
35. raccoon-babies-in-an-attic.jpg,948,533,raccoon,277,59,531,196
77. forgotten-otters.jpg,991,529,otter,89,43,511,525
37. fingers.jpg,564,564,otter,130,95,500,564
16. 0001-77274653.jpg,1000,560,pomeranian,259,20,1000,498
a50cde8d63394ad7857dc8efe86344bb.JPG,800,532,panda,121,57,578,411
20160406000528_1.jpg,650,365,panda,167,31,404,365
68. main-qimg-1c8e3aecb21bd7858f1c519d75bbe742-c.jpg,602,452,raccoon,159,65,580,394
20. meerkat-family-group.jpg,650,462,meerkat,484,21,600,434
38. 30b7aaafa6fef69d5192051bb5a53859.jpg,345,550,meerkat,81,3,297,550
38. giantpanda.jpg,860,574,panda,266,7,836,574
2346236236246.jpg,275,183,meerkat,91,26,186,171
5. a-pomeranian-on-grass.jpg,600,400,pomeranian,179,10,561,394
25. 2014-11-01_lif_4341720_i3.jpg,620,342,meerkat,217,15,316,342
11. panda-01-tree.jpg,750,620,panda,98,5,703,573
87. 3000.jpg,1200,630,panda,167,40,1000,630
14. a-diligent-meerkat-keeping-watch-over-the-youngsters-makgadikgadi-pans-botswana1-734x4901-1-e1472121268216.jpg,543,343,meerkat,60,278,132,343
1. fischotter%2c_lutra_lutra.jpg,908,497,meerkat,51,33,851,486
43. short-clawed-otters.jpg,638,437,otter,3,171,239,437
meerkat-968862_960_720.jpg,960,637,meerkat,361,147,559,532
70. 38ebdfbf00000578-3813793-image-a-30_1475158543098.jpg,634,621,pomeranian,110,19,587,612
50. .jpg,800,420,pomeranian,123,114,292,322
21. baby_meerkats.jpg,1000,667,meerkat,375,130,575,628
29. 36940534_401.jpg,700,394,panda,246,193,418,324
123512351235.jpg,743,548,raccoon,74,10,593,548
73. otter.jpg,615,980,otter,65,24,579,959
67. sea-otter-urchin-buffet.jpg,750,422,otter,38,28,692,422
72. pandas2.jpg,620,350,panda,111,10,323,350
20. otter-with-fish.jpg,570,321,otter,149,25,468,321
12341234215.jpg,939,720,meerkat,176,16,939,718
39. otter_shutterstock-1520443407-2927.jpg,800,600,otter,100,4,657,527
14. puppies_0.jpg,400,300,pomeranian,53,1,335,300
94. river-otter.jpg,1046,698,otter,99,29,924,698
70. meerkatstarongaheader.jpg,1024,560,meerkat,28,26,530,510
53. wlds47_otters_1073x744.jpg,634,440,otter,81,126,174,274
17. 9b6628cf124c97e1e133778784ae7cde.jpg,744,496,panda,323,246,605,443
65. 9.jpg,799,623,otter,120,69,647,546
67. pomeranianpurebreddogchewiepuppy4monthsold1.jpg,397,500,pomeranian,19,68,377,500
82. fronts1.jpg,534,552,pomeranian,18,284,161,503
69. rtx29laa.jpg,900,590,panda,102,8,863,590
11. image.jpg,960,540,raccoon,355,3,777,540
2. meerkat-group.adapt.945.1.jpg,945,532,meerkat,174,1,322,532
d1d1d501ea8bd6cf79446dfef0cdb402.jpg,700,464,pomeranian,196,38,523,392
85. raccoonbyrobyn.jpg,457,291,raccoon,135,74,370,203
85. meerkats-1024x683.jpg,1024,683,meerkat,373,324,593,506
5. otter-asian-baby.jpg,1000,667,otter,93,237,519,581
45. racoon-reward-article-image-1200-630.jpg,1200,631,raccoon,300,63,1047,631
13. qpgywpilsy-1469704215.jpg,800,528,otter,67,14,769,528
81. otters-playful-169788211.jpg,1024,614,otter,221,44,854,614
m7am2of79lm7fga1vhkx.jpg,700,400,raccoon,13,3,292,400
64. image005.jpg,700,467,meerkat,87,68,493,426
63. image.jpg,620,348,raccoon,79,11,465,348
13. meerkat_lounging_0.jpg,1000,667,meerkat,155,71,910,658
65. 9143175_orig.jpg,641,400,raccoon,267,189,410,370
72. pomeranian-grooming-full-time-job-image-fb.jpg,600,400,pomeranian,159,49,518,351
37. panda_7591.jpg,759,422,panda,193,13,660,422
39. mezzanine_649-1280x600.jpg,1280,600,meerkat,794,184,1105,530
45. meerkat-group-on-rock.ngsversion.1412704191900.adapt.945.1.jpg,945,531,meerkat,34,1,276,531
201604072207365687_t.jpg,1280,720,panda,474,90,1163,544
23. meerkat-photo-04.jpg,624,416,meerkat,254,26,606,416
panda-952257_640.jpg,428,640,panda,35,160,350,506
Baby-Otter-Ecotarium.jpg,645,429,otter,69,6,560,429
645826395.jpg,612,408,otter,167,34,577,363
76. raccoon-pest-removal-garden.jpg,720,478,raccoon,21,1,485,369
59. raccoon-2.jpg,757,557,raccoon,133,26,695,557
77. screen_shot_2017-09-28_at_5.21.17_pm___super_portrait.jpg,834,417,raccoon,55,54,545,383
25. 2014-11-01_lif_4341720_i3.jpg,620,342,meerkat,410,18,529,342
80. adobestock_3735543-224359.jpg,660,300,raccoon,147,8,654,297
135339224_14625172946641n.jpg,940,626,panda,151,12,812,589
10. pomeranian-624x368.jpg,624,368,pomeranian,116,16,438,362
43. pomeranian.teacup_sale_puppies_cute_whitepomeranian_white_15_1024x1024.jpg,1024,683,pomeranian,285,84,643,592
70. meerkatstarongaheader.jpg,1024,560,meerkat,641,33,1024,509
21. https%3a%2f%2fblueprint-api-production.s3.amazonaws.com%2fuploads%2fcard%2fimage%2f601870%2f547b71c5-3c06-4fcd-a92b-9d352a9fac8f.jpg,950,534,otter,496,104,666,530
10. raccoon_1496936031134_60853081_ver1.0_640_480.jpg,640,425,raccoon,71,21,483,407
56. basi_panda.jpg,652,338,panda,111,13,463,338
81. pomeranian_600.jpg,600,600,pomeranian,65,65,553,551
46. panda-today-160930-01_6845ae9da2fc8c2ce6005218c55f4900.today-inline-large.jpg,700,394,panda,482,249,577,323
23462362366.jpg,241,209,meerkat,178,42,227,194
2341235325.jpg,276,183,raccoon,43,42,229,153
26. raccoon-profile.jpg,800,571,raccoon,27,24,646,571
33. potd-meercat_2467036c.jpg,460,287,meerkat,190,26,460,281
82. raccoon-removal-tcf.jpg,450,300,raccoon,276,64,415,229
62. 7701190.jpg,550,334,pomeranian,155,52,404,237
1235125125.jpg,674,449,meerkat,262,69,408,449
8. file_23122_pomeranian-460x290.jpg,460,290,pomeranian,84,3,393,275
85. meerkats-1024x683.jpg,1024,683,meerkat,448,204,616,365
"32. dreamstime_xl_30774508-custom.jpg&transform=resizecrop,720,450.jpg",720,450,panda,205,1,687,411
13. giantpanda3slider-960x480.jpg,960,480,panda,80,9,744,480
32. meerkat_hdr.jpg,1200,408,meerkat,562,10,891,408
39. eddy_pomeranian_puppy_01.jpg,650,650,pomeranian,76,51,473,590
restmb_allidxmake.jpg,670,446,panda,104,20,600,446
85. meerkats-1024x683.jpg,1024,683,meerkat,616,81,866,302
28763657_138308540325736_2213814547393806336_n.jpg,480,480,raccoon,88,53,421,450
100. female-sea-otter-holding-newborn-pup-out-of-water-prince-william-picture-id557059821.jpg,1024,683,meerkat,3,36,837,683
methode%2Ftimes%2Fprod%2Fweb%2Fbin%2Fc590bf22-0f16-11e7-9efc-104ca844d0d4.jpg,685,385,otter,151,2,684,385
44. american-river-otter.jpg,1000,686,otter,288,12,669,686
3. hh-us-lc-animals-raccoon-facts-1.jpg,411,309,raccoon,33,2,397,297
93. l.lutra_david%20tipling_getty_623.jpg,623,430,otter,373,201,512,355
95. european-otter.jpg,480,480,otter,18,51,478,480
23462362366.jpg,241,209,meerkat,10,97,57,204
86. sea-otters-holding-hands-1-copy.jpg,800,600,otter,19,56,553,600
4. otter-01v2.jpg,580,330,otter,128,9,570,330
85. otters.jpg,960,704,otter,433,272,952,704
22. meerkat-680x1024.jpg,680,1024,meerkat,186,134,512,874
5. raccoon_480x360.jpg,480,360,raccoon,60,3,380,344
8. 1280x720-wh81.jpg,1000,563,panda,504,31,826,493
82. panda%20meng%20meng_zoo%20berlin%20%283%29_dl_ppt_1.jpg,460,602,panda,32,50,396,538
66. waschbaren-brandenburg-berlin-raccoons-2-8-e1495457370733.jpg,1000,750,raccoon,1,59,374,302
73. 1suricate-590a.jpg,590,400,meerkat,217,64,275,400
53. meerkathero.jpg,1100,600,meerkat,630,106,761,496
15. 670px-user-completed-image-take-care-of-a-pomeranian-2017.07.24-14.15.32.0.jpg,670,655,pomeranian,170,9,560,641
22. gfgfgfgf.jpg,748,429,otter,154,13,652,429
49. meerkat-mating-competitive-eating.jpg,900,600,meerkat,44,231,186,543
35. raccoon-babies-in-an-attic.jpg,948,533,raccoon,425,180,644,433
15. river-otters-lead-photo.jpg,638,424,otter,129,1,636,424
94. pomeranian1.jpg,637,421,pomeranian,123,36,497,396
40. gettyimages-611382876.jpg,625,422,panda,334,297,566,422
81. meet-the-meerkat-experience-1920x1080-resize.jpg,864,405,meerkat,384,17,738,405
89. riverotter.jpg,640,480,otter,141,16,587,455
34563456.jpg,640,480,otter,144,12,574,438
2. meerkat-group.adapt.945.1.jpg,945,532,meerkat,555,75,685,532
36. 20171119_baby_asian_small-clawed_otters_005_t958.jpg,958,617,otter,138,3,738,475
83. how-much-does-a-pomeranian-cost.jpg,700,400,pomeranian,129,13,467,398
42. 57d1d20ab996eb94008b6c4f-750-563.jpg,750,563,raccoon,90,8,702,563
44. sold__handmade_poseable_baby_panda__glummy_bear__by_wood_splitter_lee-d964mvo.jpg,900,651,panda,206,164,744,586
86. pom_hd.jpg,615,290,pomeranian,4,2,485,290
IE001102392_STD.jpg,500,335,panda,58,88,208,312
67. maine-woman-is-attacked-by-rabid-raccoon.jpg,780,439,raccoon,82,3,625,439
86. hqdefault.jpg,480,360,raccoon,175,91,372,282
30. mammals-raccoon-square.jpg,531,531,raccoon,76,21,531,518
97. raccoon-365366_640.jpg,640,423,raccoon,8,34,505,422
36. ap-bao-bao-ml-170221_mn_4x3_992.jpg,992,744,panda,244,103,724,741
71. 2015%2f03%2f15%2f96%2fmeerkats.0c657.jpg,950,534,meerkat,120,15,322,411
57. meerkat-mz-animal-profile-web620_0.jpg,620,380,meerkat,143,22,465,380
57. raccoon-4-1.jpg,700,370,raccoon,257,41,487,332
5. meerkat_11.jpg,470,370,meerkat,163,30,403,319
762307_20160113155334_323_0001.jpg,700,393,panda,343,54,583,393
78. raccoon1.jpg,700,394,raccoon,90,9,625,393
23. hqdefault.jpg,480,360,pomeranian,107,41,386,305
84. seaotter_seaotter07.jpg,800,600,otter,32,116,800,494
28. lowmeer0008.jpg,600,449,meerkat,221,60,329,382
97. skippy_photo-2-600x600.jpg,600,600,pomeranian,41,60,544,566
57. sea_otter_face.jpg,1000,667,otter,213,117,975,632
57. panda-676282.jpg,590,350,panda,342,10,564,306
shutterstock_654494008.jpg,1000,1000,meerkat,248,291,804,999
92. there-are-lots-of-pomeranians-looking-for-a-good-home.-adopt.jpg,500,325,pomeranian,321,103,479,304
41. naturalselection-meerkats-5.jpg,1024,683,meerkat,784,172,921,586
panda-680x311.jpg,680,311,panda,92,1,629,296
11251251235.jpg,225,225,panda,34,52,225,206
river-otter.jpg,1000,820,otter,104,108,986,820
78. kgalagadi-suricate-meerkat-billy-steenkamp-3-1140x660.jpg,1140,660,meerkat,303,236,534,660
14023014965772.JPG,670,446,panda,200,1,659,446
otters-playful-169788211.jpg,2000,1200,otter,417,70,1695,1193
66. meerkat2-1.jpg,960,612,meerkat,478,137,644,518
12. pomeranian-1541800_1920-1024x762.jpg,1024,762,pomeranian,102,27,965,736
7. meerkat-profile-400x400-989.jpg,400,400,meerkat,94,40,296,400
3. meerkat_mom.jpg,1000,667,meerkat,297,12,573,637
96. otter-2014-wendy-recchia-e1461348223700.jpg,750,750,otter,170,22,635,632
23462362366.jpg,241,209,meerkat,130,13,179,196
65. img_3730.jpg,736,737,pomeranian,77,129,377,667
12. 030718-otter-attack-1280x720.jpg,969,546,meerkat,380,83,950,546
17. b59f8728480231a869b262c5df1978d9.jpg,750,757,pomeranian,58,14,658,757
2472572562.jpg,740,493,pomeranian,265,170,478,404
47. 011917panda_640x360.jpg,640,360,panda,154,3,557,275
35. denzil-the-dog-and-a-meerkat.jpg,1200,630,meerkat,786,2,1025,630
84. aleksandr-orlov---meerkat-001.jpg,1200,630,meerkat,246,37,704,630
28. eykgqi3p_400x400.jpg,400,400,panda,35,14,394,391
76. raccoon-pest-removal-garden.jpg,720,478,raccoon,426,252,626,436
23. albino-raccoon.jpg,638,447,raccoon,121,25,504,358
66. waschbaren-brandenburg-berlin-raccoons-2-8-e1495457370733.jpg,1000,750,raccoon,1,278,291,563
78. kgalagadi-suricate-meerkat-billy-steenkamp-3-1140x660.jpg,1140,660,meerkat,718,82,980,511
97. panda-dream.jpg,620,349,panda,186,125,588,325
27. sea-otter2004-by-ryan-wolt-ma-043219-21.jpg,1200,600,otter,394,11,1067,555
93. pomeranian-puppy.jpg,1102,706,pomeranian,281,28,715,654
29. otter-yawning.jpg,1000,667,otter,141,32,606,610
4. meerkatmobmouthopencropped.jpg,600,315,meerkat,142,178,304,315
79. white-pomeranian-dog.jpg,680,450,pomeranian,37,7,494,450
48. raccoon-rob-mueller.jpg,800,533,raccoon,326,319,564,490
33. mb%20sea%20otters037.jpg,1140,641,otter,85,34,698,601
92. heidi-the-meerkat_2-1.jpg,920,460,meerkat,192,6,794,460
100. pumpkin-the-raccoon.jpg,623,615,raccoon,163,20,525,588
30. 13226652_10207880392945119_4155353989096800808_n.jpg,960,540,otter,297,35,750,424
55. meerkat-vip-carousel-2_original.jpg,800,560,meerkat,473,52,769,448
jON2tkV8_400x400.jpg,336,336,meerkat,22,65,326,336
64. 1509738852725.jpg,931,524,raccoon,406,65,723,473
68. meerkats-001.jpg,610,286,meerkat,100,23,184,236
4. pomeranian-dog-500x500.jpg,500,500,pomeranian,70,45,399,469
49. white-pomeranian-puppy-for-sale-091-teacup-puppies-i-1-503x705.jpg,503,705,pomeranian,129,87,405,626
5. otter-asian-baby.jpg,1000,667,otter,357,81,984,667
2. kcd_mdsl_400x400.jpg,400,400,otter,10,3,396,400
87. pomeranian-from-dale2.jpg,420,315,pomeranian,78,39,283,232
30. 8997044-3x2-700x467.jpg,700,467,meerkat,149,90,623,363
94. meerkats-small-hero.jpg,600,300,meerkat,417,98,546,266
36. boo-pomeranian-wallpaper-720x360.jpg,720,360,pomeranian,154,2,662,360
68. meerkats-001.jpg,610,286,meerkat,333,41,419,286
57. panda-676282.jpg,590,350,panda,21,20,303,350
92. raccoonkill600b.jpg,600,400,raccoon,168,14,570,365
24. smpost_1508532056280.jpg,640,360,raccoon,171,11,487,356
123512512351.jpg,275,183,meerkat,127,44,253,171
38. pomeranians-melted-in-water-592x595.jpg,592,595,pomeranian,100,120,488,512
48. raccoon-rob-mueller.jpg,800,533,raccoon,185,31,545,227
36. meerkat-3039025_960_720.jpg,612,720,meerkat,154,53,456,720
60. giant-panda-eating.adapt.945.1.jpg,945,531,panda,161,17,913,531
1. raccoon-grass.adapt.945.1.jpg,945,531,raccoon,227,35,878,508
3. animal-hero-panda3.jpg,1020,582,panda,230,10,867,582
P1120218.jpg,515,327,raccoon,51,36,402,313
giant-panda-765691_960_720.jpg,480,720,panda,23,297,477,705
wd-ep2-otters_480x360.jpg,480,360,otter,88,1,469,360
16. 2.-1_first-of-6-image-gallery_paul-wesson-w1024-h1000.jpg,1024,684,otter,221,143,859,574
49. meerkat-mating-competitive-eating.jpg,900,600,meerkat,350,209,518,545
58. 20-facts-that-will-make-you-fall-in-love-with-otters-u1.jpg,817,427,otter,192,3,586,427
18. image-383815-860_poster_16x9-gcyu-383815.jpg,860,484,raccoon,290,50,674,413
58. panda.jpg,1022,700,panda,140,30,833,700
63. sea-otters-tony-trupp-dpc.jpg,498,272,otter,133,77,433,272
99. pomeranian-puppy.jpg,940,450,pomeranian,176,6,779,450
39. 11032016-raccoon-994x559.jpg,994,559,raccoon,136,48,757,485
95. 032317panda_640x360.jpg,640,360,panda,137,13,562,360
64. otter.jpg,500,365,otter,57,47,499,285
16. _91026629_gettyimages-519508400.jpg,660,371,panda,56,10,540,371
52. facts-about-racoons.jpg,848,476,raccoon,318,6,796,476
49. raccoonportrait.jpg,335,477,raccoon,10,60,335,442
69. 2nd-800x533.jpg,800,533,meerkat,301,185,460,426
40. pomeranian_1.jpg,537,414,pomeranian,50,23,464,414
12. gettyimages-683842819.jpg,730,654,raccoon,175,21,675,654
wqwrt135.jpg,600,450,otter,22,1,461,392
66. pomeranian-info-446x320px.jpg,446,320,pomeranian,66,7,377,316
1482213469273979.jpg,422,435,pomeranian,59,19,421,409
75. do-meerkat-moms-use-meerkat.jpg,560,560,meerkat,146,8,434,560
33. 39272982_303.jpg,700,394,panda,51,13,634,380
91. gidget-the-sea-otter.jpg,612,612,otter,21,28,537,612
93. main_900.jpg,900,623,panda,350,346,506,440
79. raccoon_tobias_mercer.jpg,800,600,raccoon,71,5,800,591
38. 180307-wild-otter-attack-feature.jpg,618,410,otter,202,58,443,255
30. 3ixc5k2t_400x400.jpg,400,400,pomeranian,15,39,336,400
15. meerkat-sentry-werribee-zoo-web620.jpg,620,380,meerkat,342,41,502,366
35. il_570xn.1080922993_4yso.jpg,570,427,pomeranian,163,56,437,298
s-Tiny-otter..jpg,300,444,otter,23,52,300,434
56. pomeranian.teacup_sale_puppies_cute_whitepomeranian_white_12_1024x1024.jpg,1024,683,pomeranian,308,150,668,400
125125123.jpg,308,450,meerkat,43,33,289,436
32. pomeranian-names-1-final.jpg,800,481,pomeranian,473,51,742,433
